Kalem,Birim,Birim fiyat,Adet,Toplam,Kişi başı,Not
Ulaşım (otobüs / uçak),Araç veya kişi,,,,,Teklif tarihi ve kapsamını yazın
Müze ve ören yeri girişleri,Kişi,,,,,Öğrenci ve öğretmen indirimlerini kontrol edin
Rehberlik,Gün,,,,,Profesyonel turist rehberi
Atölye / eğitim programı,Kişi veya grup,,,,,
Yemek,Öğün,,,,,Özel beslenme ihtiyaçlarını not edin
Konaklama,Gece,,,,,Oda dağılımı ve öğretmen odaları
Sigorta,Kişi,,,,,Poliçe kapsamını yazılı alın
Vize ve evrak (yurt dışı),Kişi,,,,,Konsolosluk ve vize merkezi ücretleri
Beklenmedik giderler,Toplam,,,,,Bütçenin küçük bir yüzdesini ayırın
GENEL TOPLAM,,,,,,
