Aşama,Madde,Sorumlu,Gezi türü,Dayanak / not,Durum
Planlama,Gezinin öğrenme hedefi ve bağlı olduğu ders kazanımı yazıldı,Sorumlu öğretmen,Tümü,Gezi Planı EK-9 amaç alanı,
Planlama,Gezi yıllık sosyal etkinlik planında yer alıyor veya ek planlama onaylandı,Okul müdürü,Tümü,Sosyal etkinlikler eylülde planlanır,
Planlama,Rota süre ve mesafe yaş grubuna uygun seçildi,Sorumlu öğretmen,Tümü,docs/06-kademeye-gore-oneriler.md,
Planlama,Bütçe kalemleri çıkarıldı,Sorumlu öğretmen,Tümü,sablonlar/butce-planlama.csv,
Onay,Gezi Planı dolduruldu ve imzalandı,Sorumlu öğretmen,Tümü,Yönetmelik EK-9,
Onay,İzin makamı belirlendi (il içi okul müdürlüğü / il dışı mülki idare amiri / yurt dışı valilik),Okul idaresi,Tümü,Yönetmelik 13. madde,
Onay,İlçe dışına çıkılıyorsa il/ilçe MEM en az 3 gün önce resmi yazıyla bilgilendirildi,Okul idaresi,İl içi (ilçe dışı),Yönetmelik 13. madde,
Onay,Görevli öğretmenler belirlendi (1 kafile başkanı + 40 öğrenciye kadar en az 1 en fazla 2 öğretmen),Okul müdürü,Tümü,Yönetmelik 10. madde,
Ulaşım,Çerçeve Sözleşme imzalandı (her sayfa),Okul müdürü ve firma,İl içi ve il dışı,Yönetmelik EK-6,
Ulaşım,Firma işletme belgesi ve Seyahat Acentesi İşletme Belgesi,Firma,Kara yolu,Çerçeve Sözleşme 11.1,
Ulaşım,B2 veya D2 yetki belgesi,Firma,Kara yolu,Çerçeve Sözleşme 11.1,
Ulaşım,Sürücü belgesi ve SRC (yurt içi SRC1/SRC2 - yurt dışı SRC1),Firma,Kara yolu,Çerçeve Sözleşme 11.1,
Ulaşım,Psikoteknik raporu (son 5 yıl) ve adli sicil kaydı (son 6 ay),Firma,Kara yolu,Çerçeve Sözleşme 11.1,
Ulaşım,Personel beyanı (sürücü muavin rehber),Firma,Kara yolu,Yönetmelik EK-10,
Ulaşım,Araç tescil belgesi (trafiğe çıkıştan itibaren 10 yılını doldurmamış) muayene ve trafik belgeleri,Firma,Kara yolu,Çerçeve Sözleşme 11.1 - yerel şartı teyit edin,
Ulaşım,Trafik sigortası ve zorunlu koltuk ferdi kaza sigortası,Firma,Kara yolu,Çerçeve Sözleşme 11.1,
Ulaşım,Rehber varsa Profesyonel Turist Rehberi Kimlik Kartı,Firma,Tümü,Çerçeve Sözleşme 11.1,
Katılımcılar,T.C. kimlik numaralı katılımcı listesi,Okul,Tümü,Çerçeve Sözleşme 11.2,
Katılımcılar,Veli İzin Belgesi her öğrenci için toplandı,Görevli öğretmenler,Tümü,Yönetmelik 10. madde - EK-5,
Katılımcılar,Sağlık bilgisi ve acil durum iletişim bilgileri toplandı,Görevli öğretmenler,Tümü,Okul uygulaması - hassas kişisel veri,
Yurt dışı,Geçerli pasaportlar kontrol edildi,Veli ve okul,Yurt dışı,Ülke şartına göre geçerlilik süresi,
Yurt dışı,Vize başvuruları tamamlandı,Veli ve organizasyon,Yurt dışı,Konsolosluk şartlarını teyit edin,
Yurt dışı,Gerekli hallerde noter onaylı veli muvafakatnamesi,Veli,Yurt dışı,Güncel şartları teyit edin,
Yurt dışı,Seyahat sağlık sigortası poliçeleri,Organizasyon,Yurt dışı,Teminat kapsamını yazılı isteyin,
Teslim,Dosya müdürlüğün belirlediği sürede teslim edildi,Okul idaresi,İl dışı ve yurt dışı,Süreler il/ilçeye göre değişir,
Gezi günü,Araç sürücü ve katılımcılar gezi planıyla karşılaştırıldı,Kafile başkanı,Tümü,Planlanmayan kişi araca alınmaz,
Gezi günü,Acil durum kartı görevli öğretmenlerde,Kafile başkanı,Tümü,sablonlar/acil-durum-karti.md,
Gezi sonrası,Öğrenci görevleri toplandı ve kazanımlar değerlendirildi,Sorumlu öğretmen,Tümü,,
Gezi sonrası,İdarenin istediği tutanak veya rapor düzenlendi,Kafile başkanı,Tümü,Yerel uygulamaya göre,
Gezi sonrası,Veli ve öğrenci geri bildirimi alındı,Sorumlu öğretmen,Tümü,,
